id,name,model_id:id,group_id:id,perm_read,perm_write,perm_create,perm_unlink
purchase_import_folder,purchase.import.folder,model_purchase_import_folder,purchase_import.group_importation,1,1,1,1
purchase_import_folder_invoices,purchase.import.folder.invoices,model_purchase_import_folder_invoices,purchase_import.group_importation,1,1,1,1
purchase_import_folder_purchases,purchase.import.folder.purchases,model_purchase_import_folder_purchases,purchase_import.group_importation,1,1,1,1
purchase_import_livraison_type,purchase.import.livraison.type,model_purchase_import_livraison_type,purchase_import.group_importation,1,1,1,1
purchase_import_livraison_moyen,purchase.import.livraison.moyen,model_purchase_import_livraison_moyen,purchase_import.group_importation,1,1,1,1
purchase_import_credit_forme,purchase.import.credit.forme,model_purchase_import_credit_forme,purchase_import.group_importation,1,1,1,1
purchase_import_payment_modality,purchase.import.payment.modality,model_purchase_import_payment_modality,purchase_import.group_importation,1,1,1,1
purchase_import_folder_d10,purchase.import.folder.d10,model_purchase_import_folder_d10,purchase_import.group_importation,1,1,1,1
purchase_import_folder_d10_products,purchase.import.folder.d10.products,model_purchase_import_folder_d10_products,purchase_import.group_importation,1,1,1,1
purchase_import_folder_frais,purchase.import.folder.frais,model_purchase_import_folder_frais,purchase_import.group_importation_user,1,1,1,1
purchase_import_model_frais,purchase.import.model.frais,model_purchase_import_model_frais,purchase_import.group_importation_user,1,1,1,1
purchase_import_model_frais_products,purchase.import.model.frais.products,model_purchase_import_model_frais_products,purchase_import.group_importation_user,1,1,1,1
purchase_import_folder1,purchase.import.folder,model_purchase_import_folder,purchase_import.group_importation_user,1,0,0,0
purchase_import_folder_invoices1,purchase.import.folder.invoices,model_purchase_import_folder_invoices,purchase_import.group_importation_user,1,0,0,0
purchase_import_folder_purchases1,purchase.import.folder.purchases,model_purchase_import_folder_purchases,purchase_import.group_importation_user,1,0,0,0
purchase_import_livraison_type1,purchase.import.livraison.type,model_purchase_import_livraison_type,purchase_import.group_importation_user,1,0,0,0
purchase_import_livraison_moyen1,purchase.import.livraison.moyen,model_purchase_import_livraison_moyen,purchase_import.group_importation_user,1,0,0,0
purchase_import_credit_forme1,purchase.import.credit.forme,model_purchase_import_credit_forme,purchase_import.group_importation_user,1,0,0,0
purchase_import_payment_modality1,purchase.import.payment.modality,model_purchase_import_payment_modality,purchase_import.group_importation_user,1,0,0,0
purchase_import_folder_d101,purchase.import.folder.d10,model_purchase_import_folder_d10,purchase_import.group_importation_user,1,0,0,0
purchase_import_folder_d10_products1,purchase.import.folder.d10.products,model_purchase_import_folder_d10_products,purchase_import.group_importation_user,1,0,0,0
purchase_import_folder_frais1,purchase.import.folder.frais,model_purchase_import_folder_frais,purchase_import.group_importation_user,1,0,0,0
purchase_import_model_frais1,purchase.import.model.frais,model_purchase_import_model_frais,purchase_import.group_importation_user,1,0,0,0
purchase_import_model_frais_products1,purchase.import.model.frais.products,model_purchase_import_model_frais_products,purchase_import.group_importation_user,1,0,0,0

access_import_tarif_user,access.import.tarif.user,model_import_tarif,purchase_import.group_importation_user,1,0,0,0
access_import_dom_user,access.import.dom.user,model_import_dom,purchase_import.group_importation_user,1,1,1,1